bank,1,"['In', 'many', 'countries', 'banks', 'are', 'encouraged', 'to', 'issue', 'preferred', 'stock', 'as', 'a', 'source', 'of', 'Tier', '1', 'capital', '.']"
bank,1,"['Despite', 'the', 'incorrectly', 'spelled', 'bank', 'name', ',', 'the', 'bank', 'has', 'gone', 'on', 'to', 'establish', 'itself', 'in', 'the', 'region', '.']"
bank,1,"['The', 'bank', 'is', 'a', 'principal', 'co', '-', 'sponsor', 'of', 'the', 'Detroit', 'Free', 'Press', 'Flagstar', 'Bank', 'International', 'Marathon', 'and', 'also', 'sponsors', 'several', 'other', 'events', 'nationally', '.']"
bank,1,"['It', 'was', 'dominated', 'by', 'the', 'new', 'Republican', 'Party', ',', 'which', 'claimed', 'success', 'in', 'saving', 'the', 'Union', ',', 'abolishing', 'slavery', 'and', 'enfranchising', 'the', 'freedmen', ',', 'while', 'adopting', 'many', 'Whiggish', 'modernization', 'programs', 'such', 'as', 'national', 'banks', ',', 'railroads', ',', 'high', 'tariffs', ',', 'homesteads', 'and', 'aid', 'to', 'land', 'grant', 'colleges', '.']"
bank,1,"['Contact', 'and', 'control', 'over', 'the', 'money', 'supply', ',', 'including', 'immediate', 'liquidity', 'for', 'banks', ',', 'was', 'restored', 'within', 'hours', '.']"
bank,1,"['There', 'he', 'started', 'building', 'up', 'a', 'web', 'of', 'bank', 'accounts', 'and', 'companies', 'with', 'respectable', 'directors', ',', 'allegedly', 'with', 'the', 'intent', 'of', 'money', 'laundering', 'purposes', '.']"
bank,1,"['In', '1997', 'it', 'was', 'transformed', 'into', 'open', 'joint', 'stock', 'bank', 'and', 'renamed', 'to', 'Mezhprombank', '.']"
bank,1,"['The', 'NORD', 'LB', '(', 'abbreviation', 'for', 'Norddeutsche', 'Landesbank', '-', 'Girozentrale', ')', 'is', 'a', 'bank', 'in', 'Germany', '.']"
bank,1,"['Jesse', 'and', 'Frank', 'James', 'were', 'also', 'suspected', 'of', 'taking', 'part', 'in', 'that', 'robbery', ',', 'though', 'Jesse', 'would', 'not', 'be', 'publicly', 'identified', 'as', 'an', 'outlaw', 'until', 'December', '1869', ',', 'after', 'the', 'robbery', 'of', 'a', 'bank', 'in', 'Gallatin', ',', 'Missouri', ',', 'and', 'the', 'murder', 'of', 'the', 'cashier', ',', 'John', 'W.', 'Sheets', '.']"
bank,1,"['The', '1941', 'movie', 'Bad', 'Men', 'of', 'Missouri', 'was', 'a', 'Robin', 'Hood', 'type', 'movie', ',', 'that', 'featured', 'Cole', '(', 'played', 'by', 'Dennis', 'Morgan', ')', 'and', 'his', 'two', 'outlaw', 'brothers', 'fighting', 'the', 'bank', '.']"
bank,1,"['On', '13', 'December', '1990', 'United', 'Banking', 'Group', 'Limited', 'changed', 'its', 'name', 'to', 'United', 'Bank', 'Ltd', 'and', 'updated', 'its', 'registration', 'with', 'The', 'Reserve', 'Bank.', '[', 'http:', ""'"", 'List', 'of', 'registered', 'banks', 'in', 'New', 'Zealand', '-', 'past', 'and', 'present', ""'"", ']', ',', 'Reserve', 'Bank', 'of', 'New', 'Zealand', ',', 'Wellington', 'NZ', ',', 'Retrieved', 'July', '10', ',', '2007', '.']"
bank,1,"['The', 'government', 'authorities', 'were', 'instrumental', 'in', 'setting', 'up', 'Bayerische', 'Flugzeugwerke', 'AG', '(', 'BFW', ')', 'from', 'the', 'unprofitable', 'Otto', '-', 'Flugzeugwerke', 'In', 'February', '1916', ',', 'the', 'south', 'German', 'engineering', 'company', 'MAN', 'AG', 'and', 'several', 'banks', 'purchased', 'the', 'aircraft', 'builder', 'Otto', '-', 'Flugzeugwerke', '.']"
bank,1,"['Other', 'letters', 'of', 'credit', 'reference', 'might', 'be', 'written', 'by', 'banks', 'which', 'would', 'provide', 'basic', 'information', 'about', 'how', 'long', 'the', 'applicant', 'has', 'held', 'an', 'account', ',', 'what', 'type', 'of', 'account', 'it', 'was', ',', 'and', 'whether', 'or', 'not', 'there', 'were', 'any', 'overdrafts', 'or', 'late', 'payments', 'noted', '.']"
bank,1,"['Set', 'It', 'Off', 'is', 'a', '1996', 'drama', 'film', 'directed', 'by', 'F.', 'Gary', 'Gray', ',', 'and', 'stars', 'Jada', 'Pinkett', 'Smith', ',', 'Queen', 'Latifah', ',', 'Vivica', 'A.', 'Fox', 'and', 'Kimberly', 'Elise', ',', 'as', 'four', 'close', 'friends', 'from', 'Los', 'Angeles', 'who', 'decide', 'to', 'plan', 'and', 'execute', 'a', 'bank', 'robbery', '.']"
bank,1,"['If', 'you', 'said', 'the', 'US', ',', 'the', 'UK', ',', 'the', 'major', 'G7', 'banks', 'will', 'not', 'deal', 'with', 'offshore', 'bank', 'centers', 'that', 'don', ""'"", 't', 'comply', 'with', 'G7', 'banks', 'regulations', ',', 'these', 'banks', 'could', 'not', 'exist', '.']"
bank,1,"['It', 'was', 'fined', '290', 'million', 'dollars', ',', 'the', 'largest', 'fine', 'ever', 'levied', 'on', 'an', 'investment', 'bank', 'at', 'the', 'time', ',', 'weakening', 'it', 'and', 'eventually', 'leading', 'to', 'its', 'acquisition', 'by', 'Travelers', 'Group', '.']"
bank,1,"['The', 'town', 'has', 'several', 'churches', ',', 'a', 'public', 'school', ',', 'two', 'banks', ',', 'a', 'small', 'hospital', 'and', 'old', '-', 'age', 'home', ',', 'a', 'motel', ',', 'a', 'weekly', 'newspaper', '(', 'The', 'Optimist', ')', 'among', 'many', 'other', 'businesses', 'and', 'services', '.']"
bank,1,"['""The', 'New', 'York', 'Times', 'repeated', 'neighborhood', 'rumors', 'that', 'the', 'brothers', 'lived', 'in', 'some', 'sort', 'of', '\\""""', 'Orientalist', 'splendor', '\\""""', 'and', 'were', 'sitting', 'on', 'vast', 'piles', 'of', 'cash', ',', 'afraid', 'to', 'deposit', 'it', 'in', 'a', 'bank', '.', '""']"
bank,1,"['This', 'unprecedented', 'large', '-', 'scale', 'integration', 'of', 'IT', 'systems', 'between', 'commercial', 'banks', ',', 'with', 'accompanying', 'total', 'upgrades', ',', 'was', 'a', 'so', '-', 'called', '“', 'big', 'bang', '-', 'style', '”', 'system', 'development', '.']"
bank,1,"['In', '1967', ',', 'Wells', 'Fargo', ',', 'together', 'with', 'three', 'other', 'California', 'banks', ',', 'introduced', 'a', 'Master', 'Charge', 'card', '(', 'now', 'MasterCard', ')', 'to', 'its', 'customers', 'as', 'part', 'of', 'its', 'plan', 'to', 'challenge', 'Bank', 'of', 'America', 'in', 'the', 'consumer', 'lending', 'business', '.']"
bank,1,"['The', 'BSP', ""'"", 's', 'SLIP', 'ratings', 'system', '(', 'which', 'measures', 'a', 'bank', ""'"", 's', 'condition', 'against', 'the', 'entire', 'universal', 'banking', 'system', ')', 'gave', 'Urban', 'Bank', 'a', 'score', 'higher', 'than', 'the', 'industry', 'average', ',', 'putting', 'Urban', 'Bank', 'in', 'a', 'financial', 'position', 'better', 'than', 'most', 'universal', 'banks', '.']"
bank,1,"['Important', 'reasons', 'for', 'the', 'merger', 'were', 'to', 'strengthen', 'the', 'bank', ""'"", 's', 'position', 'among', 'corporate', 'clients', 'and', 'to', 'meet', 'competition', 'from', 'major', 'international', 'banks', '.']"
bank,1,"['Santo', 'Antônio', 'has', 'a', 'schools', 'or', 'a', 'collegiate', ',', 'high', 'schools', ',', 'churches', ',', 'banks', 'and', 'a', 'few', 'parks', '.']"
bank,1,"['The', 'banks', 'also', 'lower', 'their', 'costs', 'as', 'there', 'is', 'less', 'manual', 'involvement', '.']"
bank,1,"['The', 'Bank', 'of', 'Massachusetts', ',', 'founded', 'in', '1784', 'in', 'Boston', ',', 'Massachusetts', ',', 'was', 'the', 'second', '-', 'oldest', 'bank', 'in', 'the', 'United', 'States', '.']"
bank,1,"['It', 'was', 'formed', 'in', '2001', 'from', 'the', 'forced', 'merger', 'of', '4', 'predecessor', 'commercial', 'banks', 'and', 'an', 'investment', 'bank', '(', 'Hanvit', ',', 'Peace', ',', 'Kwanju', 'and', 'Kyonnam', 'Banks', 'and', 'Hanaro', 'Investment', 'Banking', 'and', 'their', 'subsidiaries', ')', '.']"
bank,2,"['It', 'is', 'alleged', 'in', 'many', 'Sikh', 'accounts', 'that', 'he', 'deliberately', 'weakened', 'the', 'pontoon', 'bridge', ',', 'casting', 'loose', 'the', 'boat', 'at', 'its', 'centre', ',', 'or', 'that', 'he', 'ordered', 'his', 'own', 'artillery', 'on', 'the', 'west', 'bank', 'to', 'fire', 'on', 'the', 'bridge', ',', 'on', 'the', 'pretext', 'of', 'preventing', 'British', 'pursuit', '.']"
bank,2,"['""Its', 'predecessor', 'was', 'the', '\\""""', 'Tamsui', 'Second', 'Fishing', 'Port', '\\""""', 'on', 'the', 'right', 'bank', 'of', 'the', 'Tamsui', 'river', 'estuary', ',', 'an', 'important', 'fishing', 'harbor', 'in', 'the', 'early', 'history', 'of', 'north', 'Taiwan', '.', '""']"
bank,2,"['Much', 'of', 'his', 'childhood', 'was', 'spent', 'near', 'the', 'scenic', 'banks', 'of', 'the', 'Brahmaputra', 'River', '.']"
bank,2,"['This', 'construction', 'method', 'was', 'selected', 'to', 'reduce', 'construction', 'impacts', 'on', 'the', 'marsh', 'areas', 'along', 'the', 'banks', 'of', 'the', 'Wando', 'River', '.']"
bank,2,"['The', 'style', 'of', 'the', 'bridge', 'reflects', 'that', 'of', 'the', 'Grand', 'Palais', ',', 'to', 'which', 'it', 'leads', 'on', 'the', 'right', 'bank', '.']"
bank,2,"['It', 'is', 'sited', '44', 'miles', '(', '71', 'km', ')', 'northeast', 'of', 'Pittsburgh', 'along', 'the', 'east', 'bank', 'of', 'the', 'Allegheny', 'River', '.']"
bank,2,"['The', 'River', ""'"", 's', 'Edge', 'Golf', 'Course', 'is', 'an', '18', '-', 'hole', ',', 'grass', '-', 'green', 'course', 'on', 'the', 'banks', 'of', 'the', 'Sheep', 'River', '5', 'km', 'east', 'of', 'Okotoks', '.']"
bank,2,"['San', 'Miguel', 'del', 'Bala', 'is', 'south', 'of', 'Rurrenabaque', 'on', 'the', 'west', 'bank', 'of', 'the', 'Beni', 'River', '.']"
bank,2,"['The', 'Port', 'of', 'Redwood', 'City', 'is', 'situated', 'on', 'the', 'east', 'banks', 'of', 'Redwood', 'Creek', 'approximately', 'one', 'kilometer', 'upchannel', 'from', 'the', 'mouth', 'of', 'Redwood', 'Creek', '.']"
bank,2,"['Above', 'the', 'opposite', 'bank', 'are', 'the', 'hills', 'of', 'Derlwyn', 'and', 'Clogwyn', 'Mawr', 'and', 'a', 'rock', 'formation', 'known', 'as', 'the', 'Lady', 'of', 'Snowdon', ',', 'due', 'to', 'its', 'resemblance', 'to', 'a', 'human', 'face', '.']"
bank,2,"['The', 'animals', '-', 'giraffes', ',', 'rhinoceros', ',', 'turtles', ',', 'birds', 'and', 'so', 'on', '-', 'are', 'grazing', 'on', 'the', 'banks', 'or', 'swimming', 'in', 'the', 'water', '.']"
bank,2,"['In', 'the', 'same', 'year', ',', 'the', 'new', 'South', 'Bank', 'Television', 'Centre', '(', 'also', 'called', 'Kent', 'House', ')', 'was', 'opened', 'on', 'the', 'south', 'bank', 'of', 'the', 'Thames', ',', 'at', 'Upper', 'Ground', '.']"
bank,2,"['Jacques', 'Androuet', 'II', 'du', 'Cerceau', ',', 'the', 'son', 'of', 'Jean', 'Baptiste', ',', '(', 'ca', '1556', '-', '1614', ')', ',', 'also', 'worked', 'in', 'cooperation', 'with', 'Louis', 'Métezeau', 'designing', 'the', 'Petite', 'Galerie', 'and', 'the', 'Grande', 'Galerie', '(', '1595', '-', '1608', ')', 'that', 'extended', 'along', 'the', 'bank', 'of', 'the', 'Seine', 'as', 'part', 'of', 'Henri', 'IV', ""'"", 's', 'grand', 'project', 'to', 'link', 'the', 'Louvre', 'to', 'the', 'Tuileries', '.']"
bank,2,"['Nixies', 'love', 'music', ',', 'and', 'make', 'instruments', 'from', 'reeds', 'on', 'the', 'banks', 'of', 'streams', '.']"
bank,2,"['""Vespasian', 'is', 'tasked', 'with', 'an', 'independent', 'command', 'for', 'the', 'coming', 'months', ';', 'clearing', 'the', 'south', 'bank', 'of', 'the', 'Thames', 'of', 'resistance', '.', '""']"
bank,2,"['On', 'the', 'south', 'bank', ',', 'the', 'Nausalia', 'Phukan', 'and', 'others', ',', 'moving', 'on', 'land', 'and', 'water', ',', 'captured', 'Kajali', ',', 'Sonapur', ',', 'Panikhaiti', ',', 'and', 'Titamara', 'forts', 'between', 'the', 'Kapili', 'river', 'and', 'Guwahati', '.']"
bank,2,"['It', 'is', 'located', 'on', 'the', 'banks', 'of', 'the', 'Ganges', 'canal', 'with', 'a', 'population', 'of', 'about', '140,000', 'inhabitants', '.']"
bank,2,"['""Thiers', 'had', 'demanded', 'that', 'France', 'should', 'own', 'the', 'left', 'bank', 'of', 'the', 'Rhine', '(', 'described', 'as', 'France', ""'"", 's', '\\""""', 'natural', 'boundary', '\\""""', ')', ',', 'as', 'it', 'had', 'under', 'Napoleon', ',', 'despite', 'the', 'territory', ""'"", 's', 'German', 'population', '.', '""']"
bank,2,"['Thiru', 'Muruga', 'Kirupanandha', 'Variyar', ',', 'popularly', 'known', 'and', 'reverently', 'called', 'as', 'Variyar', 'Swamigal', 'was', 'born', 'at', 'Kangeyanallur', ',', 'a', 'small', 'village', 'on', 'the', 'northern', 'bank', 'of', ""'"", 'Palar', ""'"", 'river', '.']"
bank,2,"['Dorasan', 'or', 'Mount', 'Dora', 'is', 'a', '156', '-', 'meter', 'hill', 'on', 'the', 'south', 'bank', 'of', 'the', 'Imjin', 'River', 'in', 'northernmost', 'Paju', ',', 'South', 'Korea', '.']"
bank,2,"['Paul', 'Henning', ',', 'who', 'was', 'the', 'producer', 'and', 'creator', 'of', 'the', 'show', 'had', 'relatives', 'in', 'the', 'area', 'and', 'often', 'visited', 'this', 'quaint', 'little', 'town', 'located', 'near', 'the', 'banks', 'of', 'the', 'Lake', 'of', 'the', 'Ozarks', '.']"
bank,2,"['The', 'bank', 'is', 'approximately', '12', 'miles', 'long', 'from', 'east', 'to', 'west', 'and', '4', 'miles', 'wide', 'from', 'north', 'to', 'south', ',', 'and', 'it', 'rises', 'from', '140', 'fathoms', 'in', 'the', 'surrounding', 'area', 'to', '50', 'fathoms', '.']"
bank,2,"['He', 'led', 'his', 'regiment', 'through', 'the', 'Gettysburg', 'Campaign', ',', 'and', 'marched', 'to', 'the', 'banks', 'of', 'the', 'Susquehanna', 'River', 'before', 'returning', 'to', 'Gettysburg', 'to', 'participate', 'in', 'the', 'Battle', 'of', 'Gettysburg', '.']"
bank,2,"['Crown', 'Vetch', 'is', 'a', 'tough', ',', 'aggressive', 'spreading', 'plant', 'that', 'will', 'crowd', 'out', 'its', 'neighbors', 'in', 'a', 'show', 'garden', 'but', 'is', 'well', 'suited', 'to', 'a', 'sunny', 'bank', ',', 'where', 'it', 'will', 'grow', 'indefinitely', 'with', 'little', 'maintenance', '.']"
bank,2,"['From', 'Dhubri', 'to', 'Sadiya', ',', 'from', 'the', 'north', 'bank', 'to', 'the', 'south', 'bank', 'of', 'the', 'Brahmaputra', ',', 'Kohinoor', 'Opera', 'performed', 'its', 'dramas', ',', 'attracting', 'thousands', 'of', 'spectators', 'which', 'came', 'to', 'see', 'them', 'perform', '.']"
bank,2,"['The', 'town', 'is', 'situated', 'on', 'the', 'south', 'bank', 'of', 'the', 'Murray', 'River', ',', 'the', 'border', 'between', 'Victoria', 'and', 'New', 'South', 'Wales', '.']"
head,1,"['Its', 'head', 'is', 'relatively', 'large', 'and', 'bulky', 'compared', 'with', 'other', 'rattails', '.']"
head,1,"['At', 'the', 'start', 'of', 'Apocalypse', 'Weekend', ',', 'Dude', 'wakes', 'up', 'in', 'the', 'hospital', 'having', 'survived', 'the', 'gun', 'wound', 'to', 'his', 'head', '.']"
head,1,"['He', 'resembles', 'a', 'winged', 'man', 'with', 'a', 'raven', ""'"", 's', 'head', ',', 'riding', 'on', 'a', 'wolf', 'and', 'brandishing', 'a', 'fiery', 'sword', '.']"
head,1,"['Each', 'punch', 'that', 'lands', 'on', 'the', 'head', 'or', 'torso', 'is', 'awarded', 'a', 'point', '.']"
head,1,"['Before', 'he', 'could', 'finish', 'it', ',', 'Emperor', 'Wu', 'stepped', 'behind', 'him', 'and', 'used', 'a', 'jade', 'tablet', 'to', 'stike', 'the', 'back', 'of', 'his', 'head', '.']"
head,1,"['In', 'battle', ',', 'Visceron', 'could', 'blast', 'a', 'laser', 'from', 'the', 'larger', 'eye', 'on', 'his', 'new', 'brainwashed', 'head', '.']"
head,1,"['It', 'is', 'described', 'as', 'a', 'long', ',', 'serpent', 'like', 'beast', 'with', 'flippers', ',', 'hair', 'on', 'the', 'neck', ',', 'and', 'a', 'camel', 'like', 'head', '.']"
head,1,"['Jamb', ':', 'A', 'dragon', 'head', 'mini', '-', 'jet', 'which', 'also', 'acts', 'as', 'a', 'bazooka', 'type', 'flame', 'thrower', ',', 'known', 'as', 'the', 'Dragon', 'Cannon', ',', 'which', 'is', 'used', 'by', 'Servo', '.']"
head,1,"['At', 'age', '16', ',', 'after', 'being', 'burnt', 'on', 'set', 'when', 'a', 'coffee', 'urn', 'fell', 'on', 'his', 'head', ',', 'after', 'being', 'convinced', 'it', 'was', 'a', 'sign', 'from', 'the', 'gods', ',', 'he', 'went', 'to', 'Charles', 'Sturt', 'University', ',', 'in', 'Bathurst', ',', 'to', 'complete', 'Bachelor', 'of', 'Arts', 'in', 'Theatre', 'Media', ',', 'originally', 'considering', 'journalism', 'as', 'a', 'career', 'option', '.']"
head,1,"['They', 'duelled', 'at', 'night', ',', 'in', 'the', 'first', 'round', ',', 'Mackenna', 'shot', 'at', 'his', 'head', ',', 'but', 'missed', 'and', 'blew', 'Carrera', ""'"", 's', 'hat', 'away', ',', 'in', 'the', 'second', 'round', ',', 'Carrera', 'was', 'able', 'to', 'hit', 'Mackenna', 'in', 'his', 'hand', ',', 'blowing', 'his', 'thumb', 'away', 'and', 'piercing', 'a', 'hole', 'in', 'his', 'throat', ',', 'thus', 'killing', 'Mackenna', '.']"
head,1,"['After', 'firing', ',', 'the', 'rollers', 'integrated', 'into', 'the', 'bolt', 'head', 'are', 'cammed', 'inward', 'against', 'the', 'inclined', 'planes', 'of', 'the', 'barrel', 'extension', 'and', 'locking', 'piece', 'by', 'rearward', 'pressure', 'on', 'the', 'bolt', 'head', '.']"
head,1,"['Mika', 'Häkkinen', 'gradually', 'assumed', 'leadership', 'of', 'the', 'team', 'but', 'suffered', 'severe', 'head', 'injuries', 'in', 'a', 'crash', 'at', 'the', 'end', 'of', 'the', '1995', 'season', ',', 'from', 'which', 'he', 'fortunately', 'made', 'a', 'complete', 'recovery', '.']"
head,1,"['""Froes', 'are', 'similar', 'in', 'general', 'form', 'to', 'axes', ',', 'in', 'that', 'a', 'froe', 'is', 'an', 'L', '-', 'shaped', 'assembly', 'of', 'a', 'blade', 'head', '(', 'typically', 'steel', ')', 'set', 'at', 'a', 'right', 'angle', 'to', 'a', 'handle', 'called', 'a', '\\""""', 'haft', '\\""""', '(', 'traditionally', 'wood', ')', '.', '""']"
head,1,"['Baba', 'Deep', 'Singh', '(', 'Defended', 'Golden', 'Temple', 'with', 'his', 'head', 'in', 'his', 'hand', ')']"
head,1,"['In', 'a', 'culmination', 'of', 'anger', ',', 'Teach', 'hits', 'Bob', 'on', 'the', 'head', ',', 'believing', 'that', 'he', 'stole', 'the', 'coin', 'back', 'and', 'betrayed', 'them', '.']"
head,1,"['Gompei', '—', 'the', 'bronzed', 'head', 'of', 'a', 'now', 'deceased', 'goat', 'the', 'mascot', 'of', 'Worcester', 'Polytechnic', 'Institute']"
head,1,"['With', 'her', 'last', 'hope', 'to', 'avoid', 'fighting', 'Gennosuke', 'stolen', 'from', 'her', ',', 'Oboro', ""'"", 's', 'anger', 'finally', 'boiled', 'over', 'and', 'her', 'eyes', 'exploded', 'with', 'a', 'surge', 'of', 'power', 'that', 'not', 'only', 'purged', 'the', 'demon', 'from', 'Tenzen', ""'"", 's', 'body', 'but', 'also', 'blasted', 'his', 'head', 'clear', 'off', 'his', 'shoulders', '.']"
head,1,"['""A', '2004', 'commercial', 'for', 'Bundaberg', 'Rum', 'showed', 'three', 'Scandinavian', 'women', 'camping', 'under', 'a', 'tree', ',', 'when', 'four', 'Australian', 'men', 'stated', 'that', 'they', 'shouldn', ""'"", 't', 'camp', 'there', 'as', 'there', 'were', '\\""""', 'drop', 'bears', '-', 'a', 'bigger', 'meaner', 'koala', '\\""""', 'and', 'that', '\\""""', 'they', 'grab', 'your', 'head', '\\""""', '.', '""']"
head,1,"['However', ',', 'Lt.', 'Cmdr.', 'Der', 'Trihs', 'suffered', 'the', 'most', 'at', 'their', 'hands', '-', '-', 'getting', 'a', 'whisk', 'grafted', 'to', 'his', 'shoulder', ',', 'then', 'getting', 'his', 'head', 'put', 'in', 'a', 'jar', '.']"
head,1,"['Such', 'babies', 'have', 'a', 'disparity', 'in', 'their', 'length', 'and', 'head', 'circumference', 'when', 'compared', 'to', 'the', 'birth', 'weight', '.']"
head,1,"['The', 'Gangster', 'is', 'eager', 'to', 'please', ',', 'and', 'proves', 'his', 'loyalty', 'to', 'Mays', 'by', 'enthusiastically', 'dropping', 'a', 'car', 'onto', 'a', 'mechanic', ""'"", 's', 'head', 'after', 'he', 'attempts', 'to', 'stab', 'Mays', '.']"
head,1,"['Possibly', 'one', 'of', 'the', 'largest', 'Hidden', 'Mickeys', ',', 'the', 'center', 'of', 'the', 'Disney', '-', 'MGM', 'Studios', 'theme', 'park', 'was', 'laid', 'out', 'so', 'that', ',', 'when', 'seen', 'from', 'above', ',', 'it', 'resembled', 'a', 'very', 'large', 'Mickey', 'Mouse', 'head', '.']"
head,1,"['The', 'zombie', 'baby', 'suddenly', 'tears', 'Rita', ""'"", 's', 'head', 'apart', '.']"
head,1,"['Forward', 'of', 'this', 'are', 'positions', 'for', 'the', 'radio', 'operator', 'and', 'vehicle', 'commander', ',', 'whose', 'seat', 'can', 'be', 'raised', 'on', 'a', 'gas', 'strut', '(', 'much', 'like', 'an', 'office', 'chair', ')', 'so', 'that', 'his', 'head', 'projects', 'from', 'his', 'roof', 'hatch', '.']"
head,1,"['He', 'was', 'a', 'defender', 'who', 'was', 'a', 'crowd', 'favourite', 'with', 'his', 'bald', 'head', 'and', 'goatee', '.']"
head,1,"['Sacks', 'suffered', 'head', 'injuries', 'and', 'had', 'to', 'be', 'cut', 'of', 'his', '#', '98', 'Thorn', 'Apple', 'Valley', 'Ford', '.']"
head,2,"['But', 'what', 'he', 'did', 'as', 'head', 'football', 'coach', 'at', 'Lanier', 'was', 'even', 'more', 'remarkable', '.']"
head,2,"['Following', 'the', '2006', 'season', ',', 'Brownell', 'left', 'UNC', '-', 'Wilmington', 'to', 'take', 'the', 'head', 'coach', ""'"", 's', 'job', 'at', 'Wright', 'State', ',', 'and', 'he', 'immediately', 'made', 'an', 'impact', '.']"
head,2,"['Former', 'Colts', 'and', 'Dolphins', 'head', 'coach', 'Don', 'Shula', 'presented', 'the', 'Vince', 'Lombardi', 'Trophy', 'to', 'the', 'Colts', 'after', 'the', 'game', ',', 'and', 'Peyton', 'Manning', 'was', 'named', 'MVP', '.']"
head,2,"['Shortly', 'after', 'a', 'visit', 'by', 'Queen', 'Elizabeth', 'II', 'to', 'Ceylon', 'in', 'April', '1954', ',', 'the', 'decision', 'was', 'taken', 'to', 'appoint', 'a', 'Ceylonese', 'native', 'to', 'the', 'post', 'of', 'Governor', '-', 'General', ',', 'the', 'titular', 'head', 'of', 'the', 'government', '.']"
head,2,"['""She', 'is', 'also', 'the', 'head', 'of', 'the', '\\""""', 'Bayside', 'Barracudian', 'Newspaper', '\\""""', ',', 'the', 'Drama', 'Club', 'teacher', ',', 'the', 'advisor', 'of', 'the', '\\""""', 'Bayside', 'Outdoor', 'Club', '\\""""', ',', 'and', '\\""""', 'FLUB', '\\""""', '(', 'Future', 'Leaders', 'United', 'in', 'Business', ')', 'Club', '.', '""']"
head,2,"['In', '1955', 'he', 'was', 'instrumental', 'in', 'setting', 'up', 'the', 'LPRP', 'at', 'Samnuea', 'in', 'northern', 'Laos', ',', 'and', 'served', 'as', 'the', 'Pathet', 'Lao', 'leader', 'since', 'the', 'founding', ',', 'though', 'Souphanouvong', 'served', 'as', 'the', 'figure', 'head', '.']"
head,2,"['Golden', 'State', 'also', 'announced', 'that', 'it', 'had', 'bought', 'out', 'the', 'remaining', 'two', 'years', 'of', 'head', 'coach', 'Mike', 'Montgomery', ""'"", 's', 'contract', 'and', 'hired', 'previous', 'Golden', 'State', 'and', 'former', 'Dallas', 'Mavericks', 'coach', 'Don', 'Nelson', 'to', 'take', 'over', 'in', 'his', 'place', '.']"
head,2,"['Aiello', 'is', 'the', 'first', 'female', 'Rabbi', 'in', 'Italy', 'and', 'has', 'served', 'as', 'the', 'head', 'of', 'Italy', ""'"", 's', 'first', 'Reform', 'synagogue', '.']"
head,2,"['In', '1963', 'the', 'first', 'Universal', 'House', 'of', 'Justice', 'was', 'elected', ',', 'with', 'its', 'seat', 'in', 'Haifa', ',', 'and', 'was', 'recognized', 'by', 'the', 'Israeli', 'government', 'as', 'the', 'legal', 'head', 'of', 'the', 'Bahá', ""'"", 'í', 'Faith', '.']"
head,2,"['Since', 'then', ',', 'he', 'has', 'compiled', 'a', '34', '-', 'year', 'varsity', 'record', 'of', '208', '-', '136', ',', 'while', 'his', '217', 'career', 'victories', 'ranks', 'second', 'among', 'active', 'NCAA', 'Division', 'I', '-', 'AA', 'head', 'coaches', '.']"
head,2,"['Florence', 'O', ""'"", 'Donoghue', '(', '1895', '-', '18', 'December', '1967', ')', 'was', 'an', 'Irish', 'historian', 'and', 'head', 'of', 'intelligence', 'of', 'the', 'Cork', 'No.', '1', 'Brigade', 'of', 'the', 'Irish', 'Republican', 'Army', 'during', 'the', 'Irish', 'War', 'of', 'Independence', '.']"
head,2,"['In', 'Poland', 'since', '1', 'January', '1999', 'the', 'starosta', 'has', 'been', 'the', 'head', 'of', 'the', 'county', '(', 'powiat', ')', 'executive', '(', 'zarząd', 'powiatu', ')', ',', 'and', 'the', 'head', 'of', 'the', 'county', 'administration', '(', 'starostwo', 'powiatowe', ')', '.']"
head,2,"['The', 'President', 'of', 'Haiti', 'is', 'the', 'head', 'of', 'state', 'of', 'the', 'Republic', 'of', 'Haiti', '.']"
head,2,"['As', 'one', 'of', 'the', 'referees', 'in', 'the', 'game', ',', 'Strom', 'was', 'responsible', 'for', 'the', 'ejection', 'of', 'Red', 'Auerbach', ',', 'head', 'coach', 'of', 'the', 'West', 'All', '-', 'Stars', '.']"
head,2,"['The', 'Delaware', 'Dynasty', 'of', 'the', 'USL', 'Premier', 'Development', 'League', 'hired', 'Okoh', 'as', 'its', 'head', 'coach', 'on', 'February', '13', ',', '2007', '.']"
head,2,"['While', 'head', 'of', 'the', 'NHS', ',', 'Langlands', 'took', 'the', 'controversial', 'decision', 'to', 'give', 'a', 'monopoly', 'on', 'provision', 'of', 'patient', 'telephone', 'and', 'internet', 'services', 'to', 'Patientline', ',', 'banning', 'mobile', 'phones', 'and', 'wireless', 'internet', 'fron', 'all', 'NHS', 'hospitals', 'and', 'removing', 'payphones', '.']"
head,2,"['During', 'his', 'tenure', 'as', 'head', 'coach', 'at', 'the', 'University', 'of', 'Louisiana', 'at', 'Monroe', ',', 'named', 'Northeast', 'Louisiana', 'University', 'during', 'his', 'tenure', ',', 'he', 'was', 'able', 'to', 'transition', 'the', 'football', 'program', 'from', 'I', '-', 'AA', 'to', 'I', '-', 'A', '.']"
head,2,"['""After', 'the', 'second', 'incident', ',', 'Steelers', 'head', 'coach', 'Chuck', 'Noll', 'referred', 'to', 'Atkinson', 'as', 'part', 'of', 'the', '\\""""', 'criminal', 'element', '\\""""', 'in', 'the', 'NFL', '.', '""']"
head,2,"['""As', 'of', '1989', ',', 'the', 'organization', 'acknowledges', 'a', 'Patron', '-', 'the', 'Head', 'of', 'the', 'Commonwealth', ';', 'Her', 'Majesty', 'Queen', 'Elizabeth', 'II', '-', 'and', 'a', 'Vice', 'Patron', ',', 'the', 'head', 'of', 'state', 'or', 'of', 'the', 'government', 'of', 'the', 'branch', 'holding', 'the', 'upcoming', 'conference', '.', '""']"
head,2,"['As', 'the', 'next', 'head', 'master', 'of', 'the', 'Fut', 'San', 'Hung', 'Sing', 'Kwoon', 'Chan', 'Ngau', 'Sing', '(', '1864', '-', '1926', ')', 'took', 'their', 'school', 'to', 'new', 'heights', '.']"
head,2,"['The', 'General', 'Secretary', 'of', 'the', 'students', ""'"", 'executive', 'becomes', 'the', 'acting', '-', 'principal', ',', 'and', 'the', 'Dep.', 'General', 'Secretary', ',', 'the', 'head', 'of', 'Junior', 'School', '.']"
head,2,"['In', 'the', 'UK', ',', 'there', 'were', 'campaigns', 'to', 'appoint', 'him', 'as', 'head', 'of', 'the', 'National', 'Health', 'Service', 'and', 'to', 'the', 'board', 'of', 'directors', 'of', 'British', 'Gas', 'but', 'without', 'success', '.']"
head,2,"['Stagg', 'has', 'advanced', 'into', 'the', 'state', 'playoffs', 'for', 'three', 'of', 'the', 'past', 'five', 'years', '(', '2002', ',', '2003', ',', '2005', ')', 'under', 'head', 'varsity', 'coach', 'Tim', 'McAlpin', ',', 'and', 'assistant', 'varsity', 'coaches', 'Michael', 'Morrison', ',', 'Jack', 'Doyle', ',', 'Mike', 'Fahey', ',', 'Pete', 'Gabel', ',', 'and', 'Brian', 'Buglio', '.']"
head,2,"['He', 'was', 'also', 'President', 'of', 'the', 'Queen', ""'"", 's', 'Bench', 'Division', 'of', 'the', 'High', 'Court', ',', 'but', 'on', 'becoming', 'head', 'of', 'the', 'judiciary', 'that', 'responsibility', 'was', 'transferred', 'to', 'a', 'new', 'office', '.']"
head,2,"['The', 'direct', 'and', 'most', 'significant', 'outcome', 'of', 'the', 'Apalachin', 'meeting', 'was', 'that', 'it', 'helped', 'to', 'confirm', 'the', 'existence', 'of', 'a', 'National', 'Crime', 'Syndicate', ',', 'which', 'some', '-', 'including', 'J.', 'Edgar', 'Hoover', ',', 'head', 'of', 'the', 'Federal', 'Bureau', 'of', 'Investigations', '-', 'had', 'long', 'refused', 'to', 'acknowledge', '.']"
head,2,"['Many', 'of', 'the', 'Portuguese', 'settlers', 'left', 'Mozambique', ',', 'and', 'the', 'new', 'head', 'of', 'government', ',', 'General', 'Antonio', 'de', 'Spinola', ',', 'called', 'for', 'a', 'ceasefire', '.']"
power,1,"['hi', '-', 'quality', 'power', 'amps', ',', 'Mainstream', 'receivers', ',', 'Dolby', 'Pro', 'Logic', 'receivers']"
power,1,"['PSI5', 'is', 'a', 'current', 'interface', 'with', 'modulation', 'of', 'the', 'sending', 'current', 'for', 'the', 'transmission', 'of', 'data', 'on', 'the', 'power', 'supply', 'lines', '.']"
power,1,"['Reliability', 'has', 'been', 'tested', 'using', 'an', 'automated', 'pull', '-', 'the', '-', 'plug', 'test', ',', 'which', 'randomly', 'cycles', 'the', 'power', 'on', 'the', 'server', 'during', 'high', 'volume', 'updates', 'to', 'test', 'database', 'recovery', '.']"
power,1,"['The', 'power', 'lines', 'connecting', 'the', 'Citadel', 'to', 'City', '17', 'are', 'no', 'longer', 'present', ',', 'and', 'the', 'explosion', 'of', 'the', 'Dark', 'Fusion', 'reactor', 'has', 'blown', 'the', 'top', 'of', 'the', 'Citadel', 'off', '.']"
power,1,"['The', 'availability', 'of', 'a', 'power', 'plant', 'varies', 'greatly', 'depending', 'on', 'the', 'type', 'of', 'fuel', ',', 'the', 'design', 'of', 'the', 'plant', 'and', 'how', 'the', 'plant', 'is', 'operated', '.']"
power,1,"['During', 'his', 'presidency', ',', 'the', 'Fairbanks', 'campus', 'gained', 'a', 'new', 'residence', 'hall', 'complex', ',', 'gymnasium', ',', 'classroom', 'buildings', ',', 'a', 'heating', 'and', 'power', 'plant', ',', 'a', 'library', '-', 'fine', 'arts', 'complex', ',', 'and', 'a', 'campus', 'activity', 'center', '.']"
power,1,"['Kempton', 'also', 'has', 'a', 'large', 'Coal', 'power', 'plant', 'named', 'Kelvin', 'power', 'station', '.']"
power,1,"['Reduction', 'in', 'freshwater', 'base', 'flow', 'in', 'rivers', 'and', 'disruption', 'of', 'seasonal', 'flows', ',', 'because', 'of', 'diversions', 'and', 'extractions', ',', 'hydroelectric', 'power', 'generation', ',', 'irrigation', 'schemes', ',', 'and', 'slackwater', 'reservoirs', ',', 'which', 'inhibit', 'normal', 'migratory', 'processes', 'and', 'increase', 'predation', 'for', 'salmon', '.']"
power,1,"['Electric', 'power', 'and', 'even', 'more', 'so', 'multiple', '-', 'unit', 'trains', 'are', ',', 'however', ',', 'much', 'less', 'common', 'than', 'on', 'European', 'railways', '.']"
power,1,"['The', 'battalion', 'secured', 'critical', 'city', 'infrastructure', 'facilities', '(', 'power', ',', 'water', ',', 'hospitals', ',', 'and', 'food', 'storage', 'facilities', ')', 'in', 'order', 'to', 'prevent', 'terrorist', 'attacks', 'and', 'looting', '.']"
power,1,"['Thanks', 'to', '3,54', 'm', '3', '-', 'blade', ',', 'metal', 'propellers', ',', 'variable', 'pitch', 'propellers', ',', 'the', 'power', 'of', 'these', 'engines', 'can', 'be', 'used', 'at', 'its', 'best', ',', 'and', 'the', 'maximum', 'and', 'the', 'cruise', 'speed', 'as', 'well', 'where', 'very', 'high', 'for', 'these', 'times', '.']"
power,1,"['Similar', 'design', 'strategies', 'are', 'used', 'in', 'the', 'construction', 'of', 'large', 'ceramic', 'power', 'tetrodes', 'used', 'in', 'radio', 'transmitters', '.']"
power,1,"['William', 'C.', 'Brown', '(', 'May', '22', ',', '1916', '-', 'February', '3', ',', '1999', ')', 'was', 'an', 'American', 'electrical', 'engineer', 'who', 'helped', 'to', 'invent', 'the', 'crossed', '-', 'field', 'amplifier', 'in', 'the', '1950', 's', 'and', 'also', 'pioneered', 'microwave', 'power', 'transmission', 'in', 'the', '1960', 's', '.']"
power,1,"['The', 'building', 'of', 'new', 'housing', 'in', 'the', 'hot', 'inland', 'areas', 'of', 'California', 'is', 'straining', 'the', 'ability', 'of', 'power', 'providers', 'during', 'hot', 'weather', ',', 'with', 'peak', 'power', 'requirements', 'statewide', 'reaching', 'levels', 'not', 'expected', 'until', '2010', 'in', 'a', '2006', 'late', 'July', 'heat', 'wave', '.']"
power,1,"['In', 'Ford', 'County', 'along', 'Illinois', 'Route', '9', ',', 'power', 'poles', 'were', 'snapped', 'and', 'damage', 'to', 'vehicles', 'was', 'recorded', 'and', 'attributed', 'to', 'a', 'microburst', 'which', 'had', 'winds', 'between', '85', 'mph', '(', '137', 'km', 'h', ')', 'and', '100', 'mph', '(', '162', 'km', 'h', ')', '.']"
power,1,"['The', 'format', 'originated', 'when', 'then', 'intern', 'Melvin', 'Lindsey', 'played', 'a', 'soothing', 'string', 'of', 'songs', 'during', 'a', 'particularly', 'bad', 'storm', 'in', 'the', 'mid', '-', '1970', ""'"", 's', ',', 'even', 'as', 'power', 'was', 'cut', 'to', 'most', 'of', 'the', 'other', 'radio', 'stations', 'in', 'the', 'Washington', ',', 'DC', 'area', '.']"
power,1,"['It', 'has', 'the', 'advantage', 'of', 'being', 'tied', 'in', 'frequency', 'and', 'amplitude', 'to', 'the', 'relatively', 'stable', 'digital', 'clock', 'signal', 'and', 'power', '(', 'voltage', ')', 'supply', ',', 'respectively', ',', 'that', 'are', 'used', 'by', 'the', 'digital', 'channel', 'bank', '.']"
power,1,"['In', 'the', 'early', '1980', 's', ',', 'Lab.gruppen', 'had', 'become', 'the', 'main', 'manufacturer', 'of', 'power', 'amplifiers', 'in', 'Sweden', '.']"
power,1,"['The', 'most', 'important', 'use', 'of', 'Trapar', 'energy', 'has', 'been', 'the', 'harnessing', 'of', 'it', 'to', 'supply', 'power', 'to', 'flight', 'capable', 'vehicles', '.']"
power,1,"['This', 'was', 'a', 'disaster', ',', 'coupled', 'as', 'it', 'was', 'to', 'an', 'uninspiring', 'reworking', 'of', 'the', 'Selmer', 'range', 'of', 'speaker', 'cabinets', 'and', 'the', 'introduction', 'of', 'a', 'poorly', 'designed', 'range', 'of', 'solid', 'state', 'power', 'amplifiers', '.']"
power,1,"['As', 'the', 'list', 'progressed', ',', 'CDR', 'C.', 'E.', 'Aldrich', ',', 'the', 'damage', 'control', 'officer', ',', 'reported', 'from', 'central', 'station', 'that', ',', 'without', 'power', ',', 'controlling', 'the', 'flooding', 'looked', 'impossible', '.']"
power,1,"['The', 'latest', 'American', 'Wind', 'Energy', 'Association', 'figures', 'show', 'that', 'installed', 'U.S.', 'wind', 'power', 'capacity', 'has', 'reached', '11,600', 'MW', 'which', 'is', 'enough', 'to', 'serve', 'three', 'million', 'average', 'households', '.']"
power,1,"['""Some', 'of', 'the', 'lighting', 'gantries', 'above', 'sidings', 'are', 'remains', 'of', 'the', 'pioneering', '\\""""', 'overhead', 'electric', '\\""""', 'power', 'supply', 'which', 'the', 'LB', '&amp;', 'SCR', 'introduced', 'on', 'this', 'line', 'on', '12', 'May', '1911', '.', '""']"
power,1,"['A', 'ground', 'power', 'unit', 'is', 'a', 'vehicle', 'capable', 'of', 'supplying', 'power', 'to', 'aircraft', 'parked', 'on', 'the', 'ground', '.']"
power,1,"['He', 'ran', 'the', 'mill', 'continuously', ',', 'keeping', 'the', 'race', 'and', 'building', 'in', 'good', 'shape', ',', 'until', 'the', 'spring', 'of', '1945', ',', 'when', 'someone', 'dynamited', 'for', 'fish', 'and', 'broke', 'the', 'mill', 'dam', ',', 'stopping', 'the', 'water', 'power', '.']"
power,1,"['1', '.', 'Nuclear', 'power', 'plants', 'that', 'were', 'built', 'during', 'the', '1980', 's', 'were', 'exorbitantly', 'expensive', 'because', 'anti', '-', 'nuclear', 'activists', 'sued', 'to', 'induce', 'delays', ',', 'which', 'combined', 'with', '20', '%', '+', 'interest', 'rates', 'and', 'the', 'capital', '-', 'intensive', 'nature', 'of', 'nuclear', 'power', 'to', 'greatly', 'inflate', 'capital', 'costs', 'that', 'are', 'about', 'the', 'same', 'as', 'a', 'coal', 'plant', '.']"
power,2,"['In', 'the', 'United', 'States', ',', 'laws', 'against', 'price', 'gouging', 'have', 'been', 'held', 'constitutional', 'as', 'a', 'valid', 'exercise', 'of', 'the', 'police', 'power', 'to', 'preserve', 'order', 'during', 'an', 'emergency', ',', 'and', 'may', 'be', 'combined', 'with', 'anti', '-', 'hoarding', 'measures', '.']"
power,2,"['""The', 'demonstration', 'of', 'power', 'was', 'not', 'limited', 'to', 'the', 'rally', 'grounds', ';', 'the', 'formations', 'also', 'marched', 'through', 'the', 'center', 'of', 'old', 'Nuremberg', ',', 'where', 'they', 'were', 'reviewed', 'by', 'Hitler', 'and', 'enthusiastic', 'crowds', '.', '""']"
power,2,"['The', 'main', 'views', 'of', 'political', 'power', 'revolve', 'around', 'normative', ',', 'post', '-', 'modern', ',', 'and', 'pragmatic', 'perspectives', '.']"
power,2,"['A', 'large', 'number', 'of', 'them', 'vanished', 'with', 'the', 'passage', 'of', 'time', 'because', 'they', 'were', 'either', 'not', 'practicable', 'or', 'lacked', 'the', 'power', 'to', 'retain', 'their', 'hold', '.']"
power,2,"['Two', 'chambers', 'of', 'parliament', 'restricted', 'the', 'monarch', ""'"", 's', 'power', '—', 'an', 'appointive', 'Senate', 'and', 'an', 'elective', 'Chamber', 'of', 'Deputies', '.']"
power,2,"['In', 'his', 'days', ',', 'Gakhar', 'power', 'was', 'greater', 'than', 'it', 'had', 'ever', 'been', 'before', '.']"
power,2,"['Though', 'part', 'of', 'the', 'building', 'was', 'still', 'standing', ',', 'after', 'taking', 'complete', 'power', 'in', '1947', ',', 'the', 'communist', 'authorities', 'decided', 'to', 'tear', 'down', 'the', 'remains', 'of', 'the', 'building', '.']"
power,2,"['She', 'eventually', 'came', 'to', 'reside', 'on', 'the', 'Magician', ""'"", 's', 'Isle', ',', 'just', 'northeast', 'of', 'Toran', ',', 'secluding', 'herself', 'from', 'Windy', 'who', 'sought', 'to', 'acquire', 'True', 'Runes', 'in', 'order', 'to', 'gain', 'power', '.']"
power,2,"['He', 'gained', 'power', 'of', 'the', 'throne', 'for', 'himself', 'after', 'incinerating', 'his', 'elder', 'brother', ',', 'Drax', ',', 'poisoning', 'his', 'mother', 'and', 'banishing', 'his', 'father', 'to', 'another', 'dimension', 'and', 'later', 'showed', 'absolutely', 'no', 'remorse', 'whatsoever', 'for', 'his', 'actions', '.']"
power,2,"['After', 'the', 'Nazis', 'seized', 'power', ',', 'the', 'Württemberg', 'Landtag', 'chose', 'him', ',', 'under', 'Nazi', 'pressure', ',', 'as', 'Württemberg', ""'"", 's', 'new', 'State', 'President', ',', 'thereby', 'leading', 'Murr', 'to', 'succeed', 'his', 'own', 'political', 'foe', ',', 'Eugen', 'Bolz', '.']"
power,2,"['Hideyoshi', ""'"", 's', 'underaged', 'son', 'and', 'designated', 'successor', 'Hideyori', 'lost', 'the', 'power', 'his', 'father', 'once', 'held', ',', 'and', 'Tokugawa', 'Ieyasu', 'was', 'declared', 'shogun', 'following', 'the', 'Battle', 'of', 'Sekigahara', '.']"
power,2,"['So', ',', 'many', ',', 'including', 'Ilić', 'himself', ',', 'were', 'surprised', 'and', 'unhappy', 'about', 'him', 'getting', 'very', 'little', 'in', 'the', 'subsequent', 'division', 'of', 'power', 'among', 'the', 'DOS', 'members', '.']"
power,2,"['Death', 'tends', 'to', 'employ', 'her', 'in', 'his', 'battles', 'against', 'the', 'Auditors', 'of', 'Reality', ',', 'particularly', 'in', 'situations', 'where', 'he', 'has', 'no', 'power', 'or', 'influence', '(', 'For', 'instance', ',', 'since', 'children', 'have', 'no', 'concept', 'of', 'death', ',', 'he', 'cannot', 'enter', 'the', 'Tooth', 'Fairy', ""'"", 's', 'castle', ',', 'which', 'is', 'constructed', 'from', 'the', 'imaginations', 'of', 'children', '.']"
power,2,"['While', 'David', 'Lifferth', 'felt', 'he', 'had', 'the', 'power', 'to', 'make', 'this', 'change', 'as', 'Mayor', ',', 'the', 'city', 'attorney', 'Jerry', 'Kinghorn', 'informed', 'them', 'that', 'they', 'could', 'not', 'vote', 'on', 'this', 'issue', 'until', 'proper', 'notice', 'had', 'been', 'given', 'and', 'it', 'was', 'placed', 'on', 'a', 'future', 'agenda', '.']"
power,2,"['One', 'example', 'is', 'the', 'use', 'of', 'a', 'voting', 'system', 'to', 'choose', 'candidates', 'to', 'hold', 'political', 'and', 'military', 'power', '.']"
power,2,"['What', 'power', 'they', 'still', 'had', ',', 'however', ',', 'was', 'centered', 'in', 'and', 'around', 'Kyoto', '.']"
power,2,"['""Marina', 'Mniszech', 'tried', 'until', 'her', 'death', 'in', '1614', 'to', 'install', 'her', 'child', 'as', 'Tsar', 'of', 'Russia', ';', 'various', 'boyar', 'factions', 'still', 'vied', 'for', 'power', ',', 'trying', 'to', 'unseat', 'the', 'young', 'Tsar', 'Michael', ';', 'and', 'Sweden', 'intervened', 'in', 'force', ',', 'trying', 'to', 'gain', 'the', 'throne', 'for', 'Duke', 'Carl', 'Philip', ',', 'even', 'succeeding', 'for', 'a', 'few', 'months', '.', '""']"
power,2,"['""At', 'the', 'pinnacle', 'of', 'his', 'power', ',', 'Reed', 'appeared', 'on', 'the', 'cover', 'of', 'TIME', 'on', 'May', '15', ',', '1995', ',', 'under', 'the', 'banner', '\\""""', 'The', 'Right', 'Hand', 'of', 'God', ':', 'Ralph', 'Reed', 'of', 'the', 'Christian', 'Coalition.', '\\""""', '""']"
power,2,"['Maki', 'cursed', 'his', 'presence', 'and', 'the', 'fact', 'he', 'wanted', 'to', 'resurrect', 'the', 'Orochi', 'by', 'breaking', 'the', 'Seal', 'of', 'the', 'Yata.', 'Goenitz', 'just', 'chuckled', 'and', 'began', 'to', 'display', 'his', 'immense', 'power', '.']"
power,2,"['Before', 'Soviet', 'power', 'was', 'established', 'in', 'Moldova', ',', 'the', 'vast', 'majority', 'of', 'ethnic', 'Moldovans', 'belonged', 'to', 'the', 'Romanian', 'Orthodox', 'Church', '(', 'Bucharest', 'Patriarchate', ')', ',', 'but', 'today', 'the', 'Russian', 'Orthodox', 'Church', '(', 'Moscow', 'Patriarchate', ')', 'has', 'jurisdiction', 'in', 'Moldova', '.']"
power,2,"['Much', 'of', 'his', 'power', 'passed', 'to', 'Peter', 'de', 'Rivaux', ',', 'including', 'control', 'of', 'several', 'castles', 'in', 'south', 'Wales', '.']"
power,2,"['Graham', 'soon', 'regreted', 'the', 'decision', 'and', 'desired', 'to', 'regain', 'the', 'power', 'he', 'once', 'had', '.']"
power,2,"['""The', 'directives', 'stated', 'that', 'the', 'travels', '\\""""', 'for', 'bread', '\\""""', 'from', 'these', 'areas', 'were', 'organized', 'by', 'enemies', 'of', 'the', 'Soviet', 'power', 'with', 'the', 'purpose', 'of', 'agitation', 'in', 'northern', 'areas', 'of', 'the', 'USSR', 'against', 'kolkhozes', ',', 'same', 'as', 'it', 'happened', 'last', 'year', '(', '1932', ')', 'from', 'Ukraine', ',', 'but', 'does', 'not', 'prevented', '.', '""']"
power,2,"['""In', 'the', 'Middle', 'Ages', ',', 'the', 'judices', 'palatini', '(', ""'"", '[', 'papal', ']', 'palace', 'judges', ""'"", ')', 'were', 'the', 'highest', 'administrative', 'officers', 'of', 'the', 'pope', ""'"", 's', 'household', ';', 'with', 'the', 'growth', 'of', 'the', 'temporal', 'power', 'of', 'the', 'popes', 'they', 'acquired', 'great', 'importance', '.', '""']"
power,2,"['They', 'were', 'opposed', 'to', 'the', 'rise', 'of', 'the', 'Sharia', '-', 'law', 'oriented', 'Islamic', 'Courts', 'Union', '(', 'ICU', ')', ',', 'which', 'had', 'been', 'rapidly', 'consolidating', 'power', '.']"
power,2,"['Usually', ',', 'an', 'authoritarian', 'government', 'is', 'undemocratic', 'and', 'has', 'the', 'power', 'to', 'govern', 'without', 'consent', 'of', 'those', 'being', 'governed', '.']"
principal,1,"['As', 'a', 'young', 'junior', 'in', 'junior', 'high', 'and', 'high', 'school', ',', 'Neben', ""'"", 's', 'principal', 'athletic', 'activities', 'were', 'centered', 'around', 'soccer', 'and', 'cross', '-', 'country', 'running', '.']"
principal,1,"['Its', 'main', 'line', 'furnished', 'a', 'principal', 'transportation', 'route', 'that', 'opened', 'up', 'settlement', 'of', 'the', 'central', 'Great', 'Plains', ',', 'and', 'its', 'link', 'from', 'Kansas', 'City', 'to', 'Denver', 'actually', 'provided', 'the', 'last', 'link', 'in', 'the', 'coast', '-', 'to', '-', 'coast', 'railway', 'network', 'in', '1870', '.']"
principal,1,"['A', 'dispute', 'with', 'one', 'of', 'the', 'principal', 'nobles', 'of', 'Rajasthan', ',', 'the', 'Thakur', 'of', 'Lawa', ',', 'escalated', 'beyond', 'all', 'proportion', '.']"
principal,1,"['In', '1616', 'a', 'competition', 'was', 'opened', 'to', 'design', 'extensions', 'to', 'the', 'principal', 'urban', 'facade', 'by', 'three', 'bays', 'at', 'either', 'end', '.']"
principal,1,"['""As', 'a', 'result', ',', 'Apple', 'Computer', 'was', 'prohibited', 'from', 'using', 'their', 'trademark', 'on', '\\""""', 'creative', 'works', 'whose', 'principal', 'content', 'is', 'music', '\\""""', '.', '""']"
principal,1,"['Football', 'on', 'Five', 'is', 'the', 'principal', 'live', 'football', 'programme', 'on', 'British', 'television', 'channel', 'Five', '.']"
principal,1,"['The', 'company', '(', 'previously', 'known', 'as', 'Gas', 'Authority', 'of', 'India', 'Ltd', ')', 'is', 'India', ""'"", 's', 'principal', 'gas', 'transmission', 'and', 'marketing', 'company', ',', 'was', 'set', 'up', 'by', 'the', 'Government', 'of', 'India', 'in', 'August', '1984', 'to', 'create', 'gas', 'sector', 'infrastructure', '.']"
principal,1,"['In', '1777', 'he', 'commenced', 'to', 'deliver', 'public', 'lectures', 'on', 'medicine', 'and', 'philosophy', ',', 'which', 'were', 'well', 'attended', 'by', 'the', 'students', 'and', 'the', 'principal', 'personages', 'of', 'the', 'Prussian', 'capital', '.']"
principal,1,"['""The', '\\""""', 'civic', 'centre', '\\""""', ',', 'as', 'it', 'is', 'commonly', 'called', ',', 'was', 'built', 'in', '1989', '-', '1990', 'and', 'opened', 'in', 'the', 'fall', 'of', '1990', 'as', 'the', 'principal', 'venue', 'for', 'the', '1991', 'Canada', 'Winter', 'Games', 'which', 'Prince', 'Edward', 'Island', 'hosted', 'in', 'February', ',', '1991', '.', '""']"
principal,1,"['In', '2003', ',', 'he', 'was', 'appointed', 'principal', 'conductor', 'of', 'the', 'Osaka', 'Philharmonic', 'Orchestra', 'and', 'is', 'the', 'music', 'director', 'of', 'the', 'Orquestra', 'Simfònica', 'de', 'Barcelona', 'since', 'September', '2006', '.']"
principal,1,"['The', 'figures', 'and', 'devices', 'on', 'the', 'coat', 'of', 'arms', 'were', 'symbolic', 'of', 'the', 'principal', 'industries', 'of', 'the', 'Borough', '-', 'the', 'manufacture', 'of', 'woolen', 'cloth', ',', 'coal', 'mining', 'and', 'quarrying', '.']"
principal,1,"['""Imam', 'Al', '-', 'Nawawi', ',', 'Sunni', ""'"", 's', 'second', 'highest', 'authority', 'in', 'Hadith', ',', 'Shafiite', 'principal', 'jurist', ';', 'author', 'of', 'the', 'Sahih', 'Muslim', 'commentary', '.', '""']"
principal,1,"['The', 'characters', 'can', 'be', 'seen', 'as', 'stereotypes', ',', '(', 'Terry', 'Scott', ""'"", 's', 'Paddy', 'O', ""'"", 'Brien', 'being', 'the', 'Irishman', ',', 'Gerald', 'Campion', 'the', 'fat', 'man', ')', ',', 'but', 'the', 'calibre', 'of', 'the', 'principal', 'actors', 'makes', 'them', 'believable', 'individuals', '.']"
principal,1,"['Visitors', 'to', 'the', 'city', 'should', 'be', 'aware', 'that', ',', 'since', ""'"", 'L', ""'"", 'stations', 'typically', 'are', 'named', 'after', 'the', 'principal', 'intersecting', 'street', ',', 'and', 'Chicago', 'streets', 'tend', 'to', 'be', 'long', 'and', 'straight', ',', 'many', 'stations', 'on', 'different', 'lines', 'have', 'the', 'same', 'name', '.']"
principal,1,"['Before', 'joining', 'the', 'New', 'York', 'Philharmonic', ',', 'O', ""'"", 'Brien', 'performed', 'with', 'the', 'New', 'York', 'City', 'Ballet', ',', 'Metropolitan', 'Opera', ',', 'Saidenberg', 'Little', 'Symphony', ',', 'and', 'the', 'American', 'Symphony', 'Orchestra', 'under', 'Leopold', 'Stokowski', 'where', 'she', 'played', 'the', 'double', 'bass', 'solo', 'as', 'principal', 'bass', 'in', 'the', 'American', 'premiere', 'of', 'Alberto', 'Ginastera', ""'"", 's', 'Variaciones', 'Concertantes', 'in', '1962', '.']"
principal,1,"['It', 'also', 'administers', 'over', '100', 'centres', 'and', 'meditation', 'groups', 'in', 'India', '’', 's', 'principal', 'cities', 'as', 'well', 'as', 'in', 'some', 'rural', 'areas', '.']"
principal,1,"['The', 'railroad', 'was', 'instead', 're', '-', 'routed', 'to', 'its', 'current', 'route', 'through', 'a', 'then', '-', 'unincorporated', 'area', 'now', 'known', 'as', 'North', 'Willow', 'Glen', '(', 'http:', ')', ',', 'where', 'its', 'principal', 'user', 'is', 'now', 'Caltrain', '.']"
principal,1,"['Elizabethton', 'lies', 'on', 'the', 'south', 'bank', 'of', 'the', 'Watauga', 'and', 'along', 'either', 'side', 'of', 'its', 'principal', 'tributary', ',', 'the', 'Doe', 'River', '.']"
principal,1,"['There', 'were', 'four', 'principal', 'founders', ':', 'Simon', 'Watney', ',', 'Keith', 'Alcorn', ',', 'Chris', 'Woods', 'and', 'Peter', 'Tatchell', '.']"
principal,1,"['(', 'Consul', 'General', ')', '-', 'A', 'consul', 'general', 'heads', 'a', 'consulate', 'general', 'and', 'is', 'a', 'consul', 'of', 'the', 'highest', 'rank', 'serving', 'at', 'a', 'principal', 'location', 'and', 'usually', 'responsible', 'for', 'other', 'consular', 'offices', 'within', 'a', 'country', '.']"
principal,1,"['Lumber', 'was', 'the', 'principal', 'industry', 'with', 'at', 'least', '17', 'sawmills', 'in', 'the', 'area', '.']"
principal,1,"['""On', 'an', 'old', 'map', 'this', 'principal', 'thoroughfare', 'of', 'Affton', 'is', 'described', 'as', 'the', '\\""""', 'Road', 'that', 'led', 'to', 'the', 'Salt', 'Spring', 'of', 'Clamorgan', 'in', 'a', 'wagon.', '\\""""', '""']"
principal,1,"['After', 'leading', 'a', 'number', 'of', 'Swiss', 'orchestras', 'he', 'became', 'principal', 'conductor', 'of', 'the', 'Orchestre', 'de', 'la', 'Suisse', 'Romande', ',', 'Geneva', 'in', '1985', ',', 'a', 'position', 'he', 'held', 'until', '1997', '.']"
principal,1,"['She', 'was', 'on', 'the', 'faculty', 'of', 'Film', 'and', 'Media', 'Studies', 'at', 'UC', 'Irvine', ',', 'where', 'she', 'was', 'the', 'principal', 'architect', 'for', 'a', 'new', 'interdisciplinary', 'PhD', 'program', 'in', 'Visual', 'Studies', 'and', 'the', 'founding', 'director', 'and', 'programmer', 'of', 'UCI', ""'"", 's', 'Film', 'and', 'Video', 'Center', '.']"
principal,1,"['Recognizing', 'that', 'American', 'folk', 'art', 'could', 'be', 'fully', 'understood', 'only', 'in', 'an', 'international', 'context', ',', 'the', 'word', 'American', 'functions', 'as', 'an', 'indication', 'of', 'the', 'museum', ""'"", 's', 'location', ',', 'emphasis', ',', 'and', 'principal', 'patronage', 'rather', 'than', 'as', 'a', 'limitation', 'on', 'the', 'kinds', 'of', 'art', 'it', 'collects', ',', 'interprets', ',', 'or', 'presents', '.']"
principal,1,"['Kukersite', ',', 'named', 'after', 'Kukruse', 'in', 'Estonia', ',', 'is', 'a', 'light', '-', 'brown', 'marine', 'oil', 'shale', 'whose', 'principal', 'organic', 'component', 'is', 'telalginite', 'derived', 'from', 'the', 'green', 'alga', ',', 'Gloeocapsomorpha', 'prisca', '.']"
principal,2,"['The', 'Rushbrook', 'team', 'orchestrated', 'a', 'campaign', 'to', 'save', 'his', 'position', ',', 'during', 'which', 'Ambassador', 'John', 'Dauth', '(', 'see', 'Notable', 'Alumni', ')', 'e', '-', 'mailed', 'all', 'Council', 'members', 'in', 'support', 'of', 'Rushbrook', ',', 'and', 'Rushbrook', 'used', 'the', 'national', 'college', 'principals', ""'"", 'mailing', 'list', 'to', 'ask', 'all', 'Australian', 'principals', 'not', 'to', 'apply', 'for', 'his', 'position', '.']"
principal,2,"['Niranjan', 'pays', 'tribute', 'to', 'her', 'mother', ',', 'a', 'school', 'principal', ',', 'and', 'her', 'mother', '-', 'in', '-', 'law', ',', 'former', 'Suva', 'City', 'Councilor', 'Pramodini', 'Niranjan', ',', 'for', 'breaking', 'the', 'traditional', 'mould', 'of', 'the', 'domestic', 'housewife', 'and', 'modelling', 'the', 'image', 'of', 'the', 'successful', 'career', 'woman', '.']"
principal,2,"['The', 'first', 'principal', 'of', 'the', 'school', ',', 'Windsor', 'Park', 'Collegiate', ',', 'was', 'Mr.', 'D.', 'M.', 'Slater', ',', 'and', 'the', 'faculty', 'population', 'was', '27', '.']"
principal,2,"['The', 'founder', 'secretary', 'was', 'Major', 'N.K.', 'Sharma', '(', 'retired', ')', 'and', 'in', 'later', 'years', 'school', 'principals', 'included', 'Mrs', 'Mathew', ',', 'Mrs', 'Malti', 'Rao', ',', 'Mrs', 'Nafeesa', 'Dehlvi', ',', 'Mrs', 'Satvinder', 'Kaur', ',', 'Mrs', 'Sirohi', 'and', 'currently', 'Mrs', 'Rekha', 'Narula', '-', 'reflecting', 'the', 'secular', 'ethos', 'of', 'the', 'group', 'amidst', 'adherence', 'to', 'Indian', 'culture', 'and', 'tradition', '.']"
principal,2,"['""Ryerson', 'helped', 'found', 'the', 'Upper', 'Canada', 'Academy', ',', 'of', 'which', 'he', 'was', 'the', 'first', 'principal', ',', 'in', 'Cobourg', ';', 'it', 'later', 'became', 'Victoria', 'College', ',', 'now', 'a', 'part', 'of', 'the', 'University', 'of', 'Toronto', '.', '""']"
principal,2,"['He', 'has', 'been', 'the', 'principal', 'of', 'four', 'Bible', 'colleges', '(', 'in', 'Australia', 'and', 'the', 'USA', ')', ',', 'and', 'has', 'spoken', 'and', 'taught', 'in', 'churches', ',', 'crusades', ',', 'conferences', ',', 'seminars', ',', 'and', 'colleges', 'in', 'a', 'dozen', 'different', 'countries', 'worldwide', '.']"
principal,2,"['During', 'Rich', 'Boccia', ""'"", 's', 'reign', 'as', 'principal', ',', 'school', 'wide', 'academic', 'performance', 'has', 'risen', 'sharply', '.']"
principal,2,"['It', 'is', 'named', 'after', 'former', 'Boerne', 'High', 'School', 'teacher', 'and', 'principal', 'Sam', 'Champion', ',', 'who', 'died', 'on', 'January', '8', ',', '2007', 'after', 'a', 'long', 'battle', 'with', 'brain', 'cancer', '.']"
principal,2,"['The', 'principals', 'of', 'LAB', 'are', 'Don', 'Bates', ',', 'originally', 'from', 'Texas', 'and', 'Peter', 'Davidson', ',', 'originally', 'from', 'New', 'South', 'Wales', ',', 'who', 'met', 'while', 'teaching', 'at', 'architecture', 'schools', 'in', 'London', '.']"
principal,2,"['Mr.', 'V', 'S', 'Ranawat', 'was', 'first', 'principal', 'of', 'the', 'school', 'after', 'whom', 'Mr.', 'S', 'S', 'Sai', 'Pankraj', 'served', 'as', 'principal', 'for', '10', 'years', '.']"
principal,2,"['A', 'lawyer', 'by', 'training', '(', 'and', 'an', 'alumnus', 'of', 'Harvard', 'Law', 'School', ')', ',', 'Broughton', 'worked', 'as', 'a', 'school', 'principal', 'and', 'journalist', 'before', 'actively', 'entering', 'the', 'legal', 'profession', '.']"
principal,2,"['""At', 'the', 'end', 'of', 'the', 'series', ',', 'she', 'took', 'up', 'a', 'job', 'as', 'the', '\\""""', 'new', '\\""""', 'principal', 'of', 'Reefside', 'High', 'School', '.', '""']"
principal,2,"['After', 'her', 'studies', 'she', 'was', 'a', 'high', 'school', 'principal', '.']"
principal,2,"['Until', '2003', 'the', 'Shaykh', 'served', 'as', 'the', 'honorary', 'principal', 'of', 'Madinatul', 'Uloom', 'al', 'Islamiyyah', ',', 'Kidderminster', ',', 'UK', '(', 'a', 'branch', 'of', 'Darul', 'Uloom', ',', 'Bury', ',', 'UK', ')', 'where', 'he', 'had', 'also', 'been', 'head', 'teacher', 'since', '1992', '.']"
principal,2,"['Green', 'for', 'O', ""'"", 'Neill', '(', 'named', 'after', 'the', 'first', 'principal', ')']"
principal,2,"['She', 'taught', 'at', 'a', 'number', 'of', 'grammar', 'schools', ',', 'in', 'addition', 'to', 'serving', 'as', 'a', 'principal', 'and', 'evidentially', 'as', 'superintendent', 'of', 'the', 'Painesville', ',', 'Ohio', ',', 'school', 'system', '.']"
principal,2,"['Son', 'of', 'a', 'secondary', 'school', 'principal', 'and', 'a', 'writer', 'on', 'pedagogical', 'subjects', ',', 'Ostrogorsky', 'completed', 'his', 'secondary', 'education', 'in', 'a', 'St.', 'Petersburg', 'classical', 'gymnasium', 'and', 'thus', 'acquired', 'knowledge', 'of', 'Greek', 'early', 'in', 'life', '.']"
principal,2,"['Lord', 'began', 'teaching', 'in', '1871', 'as', 'the', 'principal', 'of', 'the', 'Terryville', ',', 'Connecticut', 'high', 'school', '.']"
principal,2,"['Mayflower', 'Secondary', 'School', 'started', 'functioning', 'in', '1981', 'with', 'Mr', 'Wan', 'Hussein', 'as', 'the', 'pioneering', 'principal', '.']"
principal,2,"['The', 'house', 'shirts', 'are', 'named', 'after', 'former', 'principals', 'of', 'Catholic', 'High', ',', 'who', 'have', 'contributed', 'significantly', 'to', 'its', 'growth', 'as', 'a', 'world', 'class', 'institution', '.']"
principal,2,"['The', 'current', 'principal', 'is', 'Michael', 'Grove', ',', 'and', 'the', 'assistant', 'principals', 'are', 'Desiree', 'Manuel', 'and', 'Ryan', 'Yee', '.']"
principal,2,"['Prior', 'to', 'being', 'elected', 'in', '1998', ',', 'he', 'was', 'a', 'professor', 'at', 'the', 'University', 'of', 'the', 'Virgin', 'Islands', ',', 'Commissioner', 'and', 'Assistant', 'Commissioner', 'of', 'the', 'territorial', 'Department', 'of', 'Education', ',', 'principal', 'and', 'assistant', 'principal', 'of', 'Charlotte', 'Amalie', 'High', 'School', ',', 'and', 'as', 'a', 'teacher', 'in', 'elementary', 'and', 'secondary', 'schools', '.']"
principal,2,"['Robin', 'is', 'the', 'first', 'principal', 'of', 'the', 'newly', 'rebuilt', 'Sunnydale', 'High', 'School', 'when', 'Dawn', 'Summers', 'begins', 'her', 'year', '.']"
principal,2,"['Its', 'principal', 'is', 'Bob', 'Macauley', 'and', 'the', 'Vice', '-', 'Principal', 'is', 'Mark', 'Stewart', '.']"
principal,2,"['Before', 'becoming', 'an', 'MP', ',', 'he', 'was', 'a', 'teacher', 'and', 'later', 'a', 'head', 'of', 'Mathematics', 'between', '1970', 'and', '1981', ',', 'before', 'becoming', 'the', 'senior', 'vice', 'principal', 'of', 'John', 'Kitto', 'Community', 'College', ',', 'in', 'Plymouth', 'between', '1981', 'and', '1992', '.']"
principal,2,"['It', 'is', 'currently', 'headed', 'by', 'Reverend', 'Father', 'Binny', 'Isaac', '(', 'principal', ')', ',', 'Reverend', 'Father', 'Vijay', 'Noas', 'Soy', '(', 'vice', 'principal', ')', 'and', 'Brother', 'Tom', 'as', 'the', 'administrator', '.']"
stage,1,"['She', 'was', 'also', 'the', 'first', 'to', 'perform', 'with', 'high', '-', 'heeled', 'shoes', 'on', 'stage', '.']"
stage,1,"['Jean', 'made', 'her', 'comedy', 'debut', 'at', 'Melbourne', '’', 's', 'legendary', 'comedy', 'venue', 'Le', 'Joke', 'in', 'a', 'series', 'of', 'solo', 'performances', ',', 'and', 'then', 'in', 'the', 'stage', 'version', 'of', 'Let', 'The', 'Blood', 'Run', 'Free', '.']"
stage,1,"['She', 'is', 'a', 'trained', 'stage', 'actress', 'and', 'has', 'stated', 'that', 'she', 'prefers', 'appearing', 'on', 'stage', 'to', 'film', 'roles', '.']"
stage,1,"['The', 'resort', 'built', 'a', 'large', 'patio', 'extending', 'out', 'to', 'the', 'channel', 'with', 'a', 'swimming', 'pool', 'and', 'a', 'stage', 'equipped', 'with', 'disco', 'lighting', 'to', 'accommodate', 'parties', '.']"
stage,1,"['Foxx', 'angrily', 'stated', 'that', 'he', 'refused', 'to', 'do', 'a', 'show', 'with', 'such', 'a', 'small', 'audience', 'and', 'walked', 'off', 'the', 'stage', '.']"
stage,1,"['""Nami', 'Tamaki', 'graduated', 'from', 'High', 'School', 'in', 'March', '2007', ';', 'her', 'first', 'Best', 'Album', 'was', 'released', 'on', 'November', '29', '2006', 'to', 'mark', 'the', 'event', ',', 'and', 'she', 'will', 'start', 'her', 'acting', 'and', 'stage', 'performances', 'in', 'full', 'speed', 'after', 'her', 'graduation', '.', '""']"
stage,1,"['With', 'unpaid', 'actors', 'and', 'staff', ',', 'the', 'stage', 'show', ""'"", 'Phantom', 'Sweetheart', ""'"", 'seems', 'doomed', '.']"
stage,1,"['""Tucker', 'was', 'joined', 'on', 'stage', 'by', 'his', 'family', ',', 'with', 'his', 'daughter', 'smashing', 'a', 'champagne', 'bottle', 'on', 'the', '\\""""', 'Cyclops', 'Eye', '\\""""', 'and', 'soaking', 'her', 'father', '.', '""']"
stage,1,"['Smith', 'sits', 'in', 'a', 'chair', 'on', 'a', 'stage', 'and', 'tells', 'about', 'the', 'past', ',', 'mostly', 'dealing', 'with', 'Huey', 'P.', 'Newton', ""'"", 's', 'life', 'and', 'times', '.']"
stage,1,"['He', 'has', 'since', 'been', 'more', 'active', 'on', 'stage', 'instead', 'of', 'television', 'and', 'most', 'notably', 'toured', 'around', 'the', 'UK', 'playing', 'Billy', 'Flynn', 'in', 'the', 'long', '-', 'running', 'musical', 'Chicago', '.']"
stage,1,"['This', 'gig', 'had', 'wide', '-', 'spread', 'rumours', 'attached', 'to', 'it', 'which', 'speculate', 'that', 'Matt', 'Helders', ',', 'the', 'drummer', 'from', 'fellow', 'Sheffield', 'favourites', 'Arctic', 'Monkeys', '(', 'who', 'joined', 'them', 'on', 'stage', 'during', 'a', 'previous', 'gig', 'at', 'The', 'Leadmill', '(', 'http:', ')', ')', 'would', 'repeat', 'this', ',', 'and', 'join', 'Milburn', 'once', 'again', 'to', 'play', 'out', 'their', 'home', 'crowd', '.']"
stage,1,"['Audience', 'members', 'clambered', 'onto', 'the', 'stage', 'to', 'join', 'in', 'singalongs', '.']"
stage,1,"['In', '1991', ',', 'the', 'BBC', 'broadcast', 'a', 'new', 'version', 'of', 'John', 'Barton', ""'"", 's', ""'"", 'The', 'War', 'that', 'Never', 'Ends', ""'"", ',', 'which', 'had', 'first', 'been', 'performed', 'on', 'stage', 'in', 'the', '1960', 's', '.']"
stage,1,"['Naturalism', '-', 'portraying', 'life', 'on', 'stage', 'with', 'close', 'attention', 'to', 'detail', ',', 'based', 'on', 'observation', 'of', 'real', 'life', '.']"
stage,1,"['While', 'in', 'Vegas', ',', 'Manny', 'presents', 'Keyshia', 'with', 'an', 'idea', 'from', 'the', 'local', 'radio', 'station', 'to', 'hold', 'a', 'singing', 'competition', 'and', 'have', 'one', 'lucky', 'winner', 'join', 'her', 'on', 'stage', 'to', 'perform', '.']"
stage,1,"['A', 'regular', 'at', 'the', 'Grand', 'Ole', 'Opry', ',', 'in', '1954', 'Hank', 'Snow', 'persuaded', 'the', 'directors', 'to', 'allow', 'a', 'new', 'singer', 'by', 'the', 'name', 'of', 'Elvis', 'Presley', 'to', 'appear', 'on', 'stage', '.']"
stage,1,"['Siegfried', 'and', 'Roy', ""'"", 's', 'world', '-', 'famous', 'stage', 'show', 'is', 'featured', ',', 'with', 'the', 'entertainers', '(', 'and', 'tigers', ')', 'interacting', 'with', 'Chase', '.']"
stage,1,"['Bolero', 'was', 'at', 'one', 'point', 'also', 'used', 'as', 'the', 'backgound', 'music', 'in', 'Blue', 'Man', 'Group', ""'"", 's', 'stage', 'show', 'during', 'the', 'Twinkie', 'Feast', 'sketch', '.']"
stage,1,"['Originally', 'this', 'song', 'was', 'intended', 'for', 'its', 'author', ',', 'Richard', 'O', ""'"", 'Brien', ',', 'to', 'sing', 'in', 'the', 'original', 'stage', 'production', ',', 'though', 'director', 'Jim', 'Sharman', 'convinced', 'O', ""'"", 'Brien', 'to', 'portray', 'the', 'character', 'of', 'Riff', 'Raff', 'instead', 'of', 'Eddie', '.']"
stage,1,"['The', 'headlining', 'stage', 'was', 'not', 'officially', 'called', 'the', 'Pyramid', 'Stage', 'in', '1998', ',', 'as', 'it', 'did', 'not', 'have', 'it', ""'"", 's', 'distinctive', 'pyramid', 'shape', '.']"
stage,1,"['During', 'basketball', 'games', ',', 'spectators', 'sat', 'in', 'the', 'balcony', '(', 'above', 'the', 'freshman', 'section', ')', 'or', 'on', 'the', 'stage', 'because', 'the', 'gym', 'was', 'not', 'wide', 'enough', 'for', 'sideline', 'bleachers', '.']"
stage,1,"['When', 'they', 'were', 'touring', 'in', 'Norway', ',', 'Hill', 'decided', 'to', 'do', 'her', 'first', 'stage', 'dive', ',', 'however', ',', 'the', 'concert', 'hall', 'was', 'poorly', 'lit', 'and', 'she', 'jumped', 'off', 'the', 'stage', 'and', 'landed', 'hard', 'on', 'the', 'floor', ',', 'concluding', 'the', 'concert', '.']"
stage,1,"['""He', 'appeared', 'on', 'the', 'London', 'stage', 'in', '1939', 'in', 'the', 'comedy', '\\""""', 'Rake', ""'"", 's', 'Progress', '\\""""', '(', 'Not', 'the', 'later', 'Rex', 'Harrison', 'film', 'of', 'the', 'same', 'title', ')', ',', 'but', 'was', 'largely', 'acting', 'in', 'films', '.', '""']"
stage,1,"['ESA', 'Stage', 'Band', '-', 'A', 'full', 'stage', 'band', 'which', 'performs', 'in', 'many', 'styles', 'of', 'big', 'band', 'jazz', 'music', ',', 'including', 'swing', ',', 'Latin', ',', 'and', 'funk', '.']"
stage,1,"['On', 'the', 'basis', 'of', 'his', 'youthful', 'looks', ',', 'strong', 'stage', 'presence', ',', 'and', 'soulful', 'voice', ',', 'Island', 'Records', 'signed', 'Palmer', 'to', 'a', 'solo', 'deal', '.']"
stage,1,"['From', 'the', 'very', 'beginning', 'of', 'his', 'career', ',', 'he', 'always', 'and', 'constantly', 'visualized', 'his', 'characters', 'moving', 'and', 'acting', 'on', 'the', 'stage', '.']"
stage,2,"['France', 'nonetheless', 'beat', 'Togo', '2', '-', '0', ',', 'allowing', 'Zidane', 'to', 'play', 'in', 'the', 'knockout', 'stage', ',', 'from', 'which', 'he', 'would', 'score', 'or', 'assist', 'in', 'every', 'match', 'afterwards', '.']"
stage,2,"['Zouabri', 'presided', 'over', 'the', 'decline', 'of', 'the', 'GIA', ',', 'as', 'it', 'moved', 'into', 'a', 'stage', 'of', 'increasingly', 'mindless', 'violence', 'and', 'alienation', 'from', 'Algerian', 'society', '.']"
stage,2,"['Renton', 'started', 'the', 'season', 'as', 'members', 'of', 'the', 'Scottish', 'Football', 'League', ',', 'but', 'were', 'expelled', 'for', 'professionalism', '(', 'the', 'game', 'was', 'still', 'officially', 'amateur', 'at', 'this', 'stage', ')', '.']"
stage,2,"['The', 'two', '-', 'stage', 'test', 'was', 'also', 'adopted', 'by', 'other', 'common', 'law', 'jurisdictions', ',', 'but', 'has', 'since', 'been', 'repudiated', 'in', 'the', 'United', 'Kingdom', 'and', 'every', 'major', 'common', 'law', 'jurisdiction', 'except', 'Canada', '.']"
stage,2,"['In', 'addition', ',', 'he', 'also', 'won', 'two', 'stages', 'of', 'the', 'Tour', 'de', 'France', 'including', 'the', 'prestigious', 'final', 'stage', 'in', 'Paris', ',', 'just', 'like', 'Museeuw', 'did', 'years', 'ago', '.']"
stage,2,"['Galvatron', 'was', 'eventually', 'able', 'to', 'effect', 'his', 'own', 'release', ',', 'and', 'the', 'Sparkler', 'Mini', '-', 'Bots', '(', 'also', 'known', 'as', 'the', 'Sparkabots', ')', 'extricated', 'Ultra', 'Magnus', ',', 'who', ',', 'by', 'this', 'stage', ',', 'having', 'suffered', 'repeated', 'defeats', 'at', 'Galvatron', ""'"", 's', 'hands', ',', 'had', 'developed', 'a', 'paralysing', 'fear', 'of', 'confronting', 'the', 'Decepticon', '.']"
stage,2,"['Once', 'again', ',', 'the', 'competition', 'began', 'with', 'four', 'qualifying', 'groups', ',', 'but', 'this', 'time', 'a', 'host', 'nation', 'was', 'selected', 'for', 'the', 'semi', '-', 'final', 'stage', 'onwards', 'after', 'the', 'four', 'semi', '-', 'finalists', 'were', 'identified', '.']"
stage,2,"['By', 'this', 'stage', 'artillery', 'from', 'all', 'around', 'was', 'able', 'to', 'join', 'in', '.']"
stage,2,"['This', 'quotation', 'has', 'popularly', 'been', 'attributed', 'to', 'Stalin', ',', 'but', ',', 'at', 'this', 'stage', ',', 'there', 'is', 'no', 'clear', 'evidence', 'as', 'to', 'whether', 'it', 'is', 'genuine', 'or', 'not', '.']"
stage,2,"['The', 'final', 'second', 'round', 'game', 'became', 'the', 'third', 'match', 'of', 'the', 'tournament', 'to', 'go', 'down', 'to', 'a', 'sudden', '-', 'death', '11', 'th', 'leg', 'in', 'the', 'final', 'set', 'as', 'Roland', 'Scholten', 'beat', 'Alex', 'Roy', ',', 'despite', 'trailing', '2', '-', '3', 'in', 'sets', 'at', 'one', 'stage', '.']"
stage,2,"['The', 'Shaqarava', 'may', 'be', 'similar', 'and', 'be', 'one', 'of', 'those', 'factors', 'that', 'are', 'likely', 'to', 'evolve', 'in', 'any', 'species', 'at', 'a', 'certain', 'stage', 'of', 'development', '.']"
stage,2,"['The', 'pupa', 'stage', 'lasts', 'for', '16', 'to', '29', 'days', 'during', 'late', 'spring', 'and', 'early', 'summer', 'and', 'decreases', 'during', 'the', 'peak', 'summertime', '.']"
stage,2,"['The', 'Oedipus', 'conflict', ',', 'or', 'Oedipus', 'complex', ',', 'was', 'described', 'as', 'a', 'state', 'of', 'psychosexual', 'development', 'and', 'awareness', 'first', 'occurring', 'around', 'the', 'age', 'of', '5', 'and', 'a', 'half', 'years', '(', 'a', 'period', 'known', 'as', 'the', 'phallic', 'stage', 'in', 'Freudian', 'theory', ')', '.']"
stage,2,"['The', 'Magpies', ',', 'one', 'of', 'the', 'leading', 'sides', 'in', 'England', 'in', 'the', 'early', '1950', 's', ',', 'were', 'by', 'this', 'stage', 'floundering', 'in', 'the', 'Second', 'Division', '.']"
stage,2,"['Intensive', 'stage', ',', 'or', 'by', 'its', 'full', 'name', ',', 'predominantly', 'intensive', 'stage', 'of', 'accumulation', 'pertains', 'to', 'one', 'of', 'the', 'periodizations', 'of', 'capitalism', ',', 'as', 'proposed', 'by', 'Aglietta', '(', '1976', ')', '.']"
stage,2,"['A', 'protonema', '(', 'plural', ':', 'protonemata', ')', 'is', 'a', 'thread', '-', 'like', 'chain', 'of', 'cells', 'that', 'forms', 'the', 'earliest', 'stage', '(', 'the', 'haploid', 'phase', ')', 'of', 'a', 'bryophyte', 'life', 'cycle', '.']"
stage,2,"['Both', 'of', 'them', 'appear', 'in', 'the', 'arcade', 'game', 'as', 'mini', '-', 'bosses', 'during', 'the', 'Planet', 'Rat', 'stage', '.']"
stage,2,"['3', 'In', 'maize', ',', 'tassel', 'emergence', 'may', 'occur', 'earlier', ',', 'in', 'this', 'case', 'continue', 'with', 'principal', 'growth', 'stage', '5']"
stage,2,"['""Also', ',', 'he', 'has', 'developed', 'well', 'beyond', 'the', 'stage', 'of', 'being', 'a', 'mere', 'repository', 'of', 'vast', 'amounts', 'of', 'information', ';', 'his', 'skills', 'at', 'associating', 'information', 'he', 'remembers', 'are', 'at', 'least', 'one', 'of', 'the', 'signs', 'of', 'creativity', '.', '""']"
stage,2,"['The', 'first', 'stage', 'of', 'a', 'new', 'specialist', 'teaching', 'and', 'community', 'area', 'for', 'our', 'students', 'and', 'partners', 'to', 'use', 'state', 'of', 'the', 'art', 'fitness', 'facilities', 'linked', 'to', 'ICT', 'equipment', 'was', 'completed', 'in', 'October', '2002', '.']"
stage,2,"['This', 'stage', 'of', 'the', 'disease', 'has', 'also', 'been', 'termed', 'Minor', 'Cognitive', 'Impairment', '(', 'MCI', ')', ',', 'when', 'the', 'patient', 'does', 'not', 'meet', 'the', 'criteria', 'for', 'a', 'diagnosis', 'of', 'dementia', '.']"
stage,2,"['Ondai', 'resists', 'and', 'pushes', 'the', 'Arrow', 'away', 'proclaiming', 'that', 'robots', 'are', 'the', 'next', 'stage', 'of', 'evolution', '.']"
stage,2,"['It', 'was', 'the', 'largest', 'example', 'of', 'Turkish', '-', 'Islamic', 'architecture', 'to', 'that', 'date', 'and', 'represented', 'an', 'important', 'stage', 'in', 'the', 'development', 'of', 'classic', 'Turkish', 'architecture', '.']"
stage,2,"['Lake', 'Bonney', 'Wind', 'Farm', '(', 'stage', '1', ')', 'was', 'opened', 'in', 'June', '2005', 'and', 'has', 'a', 'capacity', 'of', '80.5', 'MW', '.']"
stage,2,"['The', 'entire', 'Liaoshen', 'Campaign', 'was', 'divided', 'into', 'three', 'stages', ':']"
stage,2,"['The', 'genera', 'Percolomonas', ',', 'Lyromonas', ',', 'and', 'Psalteriomonas', 'are', 'known', 'only', 'as', 'flagellates', ',', 'while', 'Vahlkampfia', ',', 'Pseudovahlkampfia', ',', 'and', 'the', 'acrasids', 'do', 'not', 'have', 'flagellate', 'stages', '.']"
